pit_id,name,geo_lat,geo_lon,bench_depth_m,material_type
PIT01,Pit 1,-4.31273,122.601115,11.08,ore
PIT02,Pit 2,-4.024643,122.708073,15.5,waste
PIT03,Pit 3,-4.134003,122.020584,13.64,ore
PIT04,Pit 4,-4.200671,122.96991,10.82,ore
PIT05,Pit 5,-4.421991,122.832443,17.24,ore
PIT06,Pit 6,-4.422003,122.212339,7.79,ore
PIT07,Pit 7,-4.470958,122.181825,10.84,ore
PIT08,Pit 8,-4.066912,122.183405,12.33,ore
